{
  "builder_name": "parquet",
  "citation": "",
  "config_name": "default",
  "dataset_name": "sinhala-dyslexia-corrected-id20percent",
  "dataset_size": 3172638,
  "description": "",
  "download_checksums": {
    "hf://datasets/SPEAK-ASR/sinhala-dyslexia-corrected-id20percent@d97aba7a74241ed57b5cc4a90e810f5467602b39/data/train-00000-of-00001.parquet": {
      "num_bytes": 1099617,
      "checksum": null
    }
  },
  "download_size": 1099617,
  "features": {
    "clean_sentence": {
      "dtype": "string",
      "_type": "Value"
    },
    "dyslexic_sentence": {
      "dtype": "string",
      "_type": "Value"
    },
    "error_type": {
      "dtype": "string",
      "_type": "Value"
    }
  },
  "homepage": "",
  "license": "",
  "size_in_bytes": 4272255,
  "splits": {
    "train": {
      "name": "train",
      "num_bytes": 3172638,
      "num_examples": 27636,
      "dataset_name": "sinhala-dyslexia-corrected-id20percent"
    }
  },
  "version": {
    "version_str": "0.0.0",
    "major": 0,
    "minor": 0,
    "patch": 0
  }
}